Service,Path,Apps/Components
FlowInfoService,src/services/FlowInfoService.ts,
FlowWalkthroughService,src/services/FlowWalkthroughService.ts,
accessibilityService,src/services/accessibilityService.ts,
advancedParametersSectionService,src/services/advancedParametersSectionService.tsx,
advancedParametersService,src/services/advancedParametersService.ts,
advancedSecuritySettingsService,src/services/advancedSecuritySettingsService.ts,
aiAgentService,src/services/aiAgentService.ts,
apiCallDisplayService.example,src/services/apiCallDisplayService.example.ts,
apiCallDisplayService,src/services/apiCallDisplayService.ts,
apiCallTrackerService,src/services/apiCallTrackerService.ts,
apiRequestModalService,src/services/apiRequestModalService.tsx,
apiUtils,src/services/apiUtils.ts,
authConfigurationService,src/services/authConfigurationService.ts,
authErrorRecoveryService,src/services/authErrorRecoveryService.ts,
authMethodService,src/services/authMethodService.tsx,
authTokenService,src/services/authTokenService.ts,
authenticationModalService,src/services/authenticationModalService.tsx,
authorizationCodeSharedService,src/services/authorizationCodeSharedService.ts,
authorizationRequestService,src/services/authorizationRequestService.ts,
authorizationUrlValidationModalService,src/services/authorizationUrlValidationModalService.tsx,
authorizationUrlValidationService,src/services/authorizationUrlValidationService.ts,
authzFlowsService,src/services/authzFlowsService.ts,
bulletproofDiscoveryService,src/services/bulletproofDiscoveryService.ts,
callbackUriService,src/services/callbackUriService.ts,
cibaFlowSharedService,src/services/cibaFlowSharedService.ts,
claimsRequestService,src/services/claimsRequestService.tsx,
clientCredentialsSharedService,src/services/clientCredentialsSharedService.ts,
codeExamplesService,src/services/codeExamplesService.ts,
copyButtonService,src/services/copyButtonService.tsx,
credentialBackupService,src/services/credentialBackupService.ts,
credentialExportImportService,src/services/credentialExportImportService.ts,
credentialGuardService,src/services/credentialGuardService.ts,
credentialMigrationService,src/services/credentialMigrationService.ts,
credentialStorageManager,src/services/credentialStorageManager.ts,
credentialStoreV8,src/services/credentialStoreV8.ts,
credentialSyncService,src/services/credentialSyncService.ts,
credentialsValidationService,src/services/credentialsValidationService.ts,
deviceDisplayTemplateService,src/services/deviceDisplayTemplateService.tsx,
deviceFlowService,src/services/deviceFlowService.ts,
deviceManagementService,src/services/deviceManagementService.ts,
deviceTypeService,src/services/deviceTypeService.tsx,
discoveryPersistenceService,src/services/discoveryPersistenceService.ts,
discoveryService,src/services/discoveryService.ts,
displayParameterService,src/services/displayParameterService.tsx,
dpopService,src/services/dpopService.ts,
educationalContentService,src/services/educationalContentService.tsx,
enhancedApiCallDisplayService,src/services/enhancedApiCallDisplayService.ts,
enhancedConfigurationService,src/services/enhancedConfigurationService.ts,
enhancedPingOneMfaService,src/services/enhancedPingOneMfaService.ts,
environmentIdPersistenceService,src/services/environmentIdPersistenceService.ts,
environmentService,src/services/environmentService.ts,
errorHandlingService.demo,src/services/errorHandlingService.demo.ts,
errorHandlingService,src/services/errorHandlingService.ts,
errorRecoveryService,src/services/errorRecoveryService.ts,
exportImportService,src/services/exportImportService.ts,
fido2Service,src/services/fido2Service.ts,
fidoService,src/services/fidoService.ts,
fieldEditingService,src/services/fieldEditingService.ts,
fieldRulesService,src/services/fieldRulesService.ts,
flowAnalyticsService,src/services/flowAnalyticsService.ts,
flowCardsService,src/services/flowCardsService.tsx,
flowCompletionService,src/services/flowCompletionService.tsx,
flowComponentService,src/services/flowComponentService.tsx,
flowConfigService,src/services/flowConfigService.ts,
flowConfigurationService,src/services/flowConfigurationService.ts,
flowContextService,src/services/flowContextService.ts,
flowContextUtils,src/services/flowContextUtils.ts,
flowControllerService,src/services/flowControllerService.ts,
flowCopyService,src/services/flowCopyService.ts,
flowCredentialIsolationService,src/services/flowCredentialIsolationService.ts,
flowCredentialService,src/services/flowCredentialService.ts,
flowErrorService,src/services/flowErrorService.tsx,
flowFactory,src/services/flowFactory.ts,
flowHeaderService,src/services/flowHeaderService.tsx,
flowLayoutService,src/services/flowLayoutService.ts,
flowLayoutServicex,src/services/flowLayoutService.tsx,
flowLogService,src/services/flowLogService.ts,
flowRedirectUriService,src/services/flowRedirectUriService.ts,
flowScopeMappingService,src/services/flowScopeMappingService.ts,
flowSequenceService,src/services/flowSequenceService.ts,
flowService,src/services/flowService.tsx,
flowStateService,src/services/flowStateService.ts,
flowStatusManagementService,src/services/flowStatusManagementService.ts,
flowStatusService,src/services/flowStatusService.tsx,
flowStepDefinitions,src/services/flowStepDefinitions.ts,
flowStepLayoutService,src/services/flowStepLayoutService.tsx,
flowStepNavigationService,src/services/flowStepNavigationService.ts,
flowStepService,src/services/flowStepService.ts,
flowStorageService,src/services/flowStorageService.ts,
flowTemplateService,src/services/flowTemplateService.ts,
flowThemeService,src/services/flowThemeService.ts,
flowTrackingService,src/services/flowTrackingService.ts,
flowUIComponentsService,src/services/flowUIComponentsService.tsx,
flowUIService,src/services/flowUIService.tsx,
flowUriEducationService,src/services/flowUriEducationService.ts,
flowValidationService,src/services/flowValidationService.ts,
footerService,src/services/footerService.tsx,
globalEnvironmentService,src/services/globalEnvironmentService.ts,
helpService,src/services/helpService.ts,
hybridFlowSharedService,src/services/hybridFlowSharedService.ts,
implicitFlowComplianceService,src/services/implicitFlowComplianceService.ts,
implicitFlowSharedService,src/services/implicitFlowSharedService.ts,
infoComponentsService,src/services/infoComponentsService.tsx,
interactiveFlowDiagramService,src/services/interactiveFlowDiagramService.tsx,
jwksService,src/services/jwksService.ts,
jwtAuthService,src/services/jwtAuthService.ts,
jwtAuthServiceV8,src/services/jwtAuthServiceV8.ts,
keyStorageService,src/services/keyStorageService.ts,
loggingService,src/services/loggingService.ts,
mfaCodeExamplesService,src/services/mfaCodeExamplesService.ts,
mfaRetryService,src/services/mfaRetryService.ts,
mfaVerificationService,src/services/mfaVerificationService.ts,
modalPresentationService,src/services/modalPresentationService.tsx,
networkStatusService,src/services/networkStatusService.ts,
oauth2ComplianceService,src/services/oauth2ComplianceService.ts,
oauthErrorHandlingService,src/services/oauthErrorHandlingService.ts,
oauthFlowComparisonService,src/services/oauthFlowComparisonService.tsx,
oauthMetadataService,src/services/oauthMetadataService.ts,
oauthPromptParameterService,src/services/oauthPromptParameterService.tsx,
oauthUserInfoExtensionService,src/services/oauthUserInfoExtensionService.tsx,
offlineAccessService,src/services/offlineAccessService.tsx,
oidcComplianceService,src/services/oidcComplianceService.ts,
oidcDiscoveryService,src/services/oidcDiscoveryService.ts,
oidcIdTokenService,src/services/oidcIdTokenService.tsx,
organizationLicensingService,src/services/organizationLicensingService.ts,
otpDeliveryTrackingService,src/services/otpDeliveryTrackingService.ts,
pageLayoutService,src/services/pageLayoutService.ts,
parConfigurationService,src/services/parConfigurationService.tsx,
parService,src/services/parService.ts,
passwordChangeDetectionService,src/services/passwordChangeDetectionService.ts,
passwordResetService,src/services/passwordResetService.ts,
passwordResetService.version,src/services/passwordResetService.version.ts,
pingOneAppCreationService,src/services/pingOneAppCreationService.ts,
pingOneApplicationService,src/services/pingOneApplicationService.ts,
pingOneAuthService,src/services/pingOneAuthService.ts,
pingOneJWTService,src/services/pingOneJWTService.ts,
pingOneLogoutService,src/services/pingOneLogoutService.ts,
pingOneMfaService,src/services/pingOneMfaService.ts,
pingOneUserProfileService,src/services/pingOneUserProfileService.ts,
pingoneConfigService,src/services/pingoneConfigService.ts,
pingoneSamlService,src/services/pingoneSamlService.ts,
pkceGenerationService,src/services/pkceGenerationService.tsx,
pkceService,src/services/pkceService.tsx,
postmanCollectionGeneratorV8,src/services/postmanCollectionGeneratorV8.ts,
postmanGenerationContext,src/services/postmanGenerationContext.ts,
postmanGeneratorService,src/services/postmanGeneratorService.ts,
postmanIssues,src/services/postmanIssues.ts,
postmanTypes,src/services/postmanTypes.ts,
presetManagerService,src/services/presetManagerService.ts,
qrCodeService,src/services/qrCodeService.ts,
rarService,src/services/rarService.ts,
rawTokenResponseService,src/services/rawTokenResponseService.tsx,
redirectStateManager,src/services/redirectStateManager.ts,
redirectlessAuthService,src/services/redirectlessAuthService.ts,
responseModeFlowService,src/services/responseModeFlowService.ts,
responseModeIntegrationService,src/services/responseModeIntegrationService.ts,
responseModeService,src/services/responseModeService.ts,
resultPageService,src/services/resultPageService.ts,
routePersistenceService,src/services/routePersistenceService.ts,
rsaKeyGenerationService,src/services/rsaKeyGenerationService.ts,
samlAssertionService,src/services/samlAssertionService.tsx,
samlIssuerService,src/services/samlIssuerService.tsx,
samlService,src/services/samlService.ts,
saveButtonService,src/services/saveButtonService.tsx,
scopeValidationService,src/services/scopeValidationService.ts,
securityFeaturesConfigService,src/services/securityFeaturesConfigService.tsx,
securityMonitoringService,src/services/securityMonitoringService.ts,
securitySessionService,src/services/securitySessionService.ts,
serverRestartHistoryService,src/services/serverRestartHistoryService.ts,
serviceDiscoveryCLI,src/services/serviceDiscoveryCLI.ts,
serviceDiscoveryService,src/services/serviceDiscoveryService.ts,
serviceIntegrationExample,src/services/serviceIntegrationExample.ts,
servicePerformanceMonitor,src/services/servicePerformanceMonitor.ts,
serviceRegistry,src/services/serviceRegistry.ts,
serviceRegistryIntegration,src/services/serviceRegistryIntegration.ts,
sessionTerminationService,src/services/sessionTerminationService.ts,
sharedService,src/services/sharedService.ts,
stepManagementService,src/services/stepManagementService.ts,
stepValidationService,src/services/stepValidationService.tsx,
themeService,src/services/themeService.ts,
tokenDisplayService,src/services/tokenDisplayService.ts,
tokenExpirationService,src/services/tokenExpirationService.ts,
tokenIntrospectionService,src/services/tokenIntrospectionService.ts,
tokenManagementService,src/services/tokenManagementService.ts,
tokenRefreshService,src/services/tokenRefreshService.ts,
totpActivationService,src/services/totpActivationService.ts,
uiSettingsService,src/services/uiSettingsService.tsx,
unifiedFlowLayoutService,src/services/unifiedFlowLayoutService.ts,
unifiedStorageManager,src/services/unifiedStorageManager.ts,
unifiedTokenDisplayService,src/services/unifiedTokenDisplayService.tsx,
unifiedWorkerTokenService,src/services/unifiedWorkerTokenService.ts,
unifiedWorkerTokenServiceV2,src/services/unifiedWorkerTokenServiceV2.ts,
unifiedWorkerTokenTypes,src/services/unifiedWorkerTokenTypes.ts,
url,src/services/url.ts,
userComparisonService,src/services/userComparisonService.tsx,
v7CredentialValidationService,src/services/v7CredentialValidationService.tsx,
v7EducationalContentDataService,src/services/v7EducationalContentDataService.ts,
v7EducationalContentService,src/services/v7EducationalContentService.ts
v7SharedService,src/services/v7SharedService.ts,
v7StepperService,src/services/v7StepperService.tsx,
v8StorageService,src/services/v8StorageService.ts,
validators,src/services/validators.ts,
variablePolicy,src/services/variablePolicy.ts,
workerTokenBackupService,src/services/workerTokenBackupService.ts,
workerTokenCredentialsService,src/services/workerTokenCredentialsService.ts,
workerTokenDiscoveryService,src/services/workerTokenDiscoveryService.ts,
workerTokenManager,src/services/workerTokenManager.ts,
workerTokenRepository,src/services/workerTokenRepository.ts,
workerTokenUIService,src/services/workerTokenUIService.tsx
